user,text,created_at
Reporter1_TO,"Em combate ao coronav√≠rus, jovem desempregado se disponibiliza a fazer compras para idosos: ‚ÄòN√£o saia de casa‚Äô https://t.co/0gajKZqiit https://t.co/dS8MtsWrrN",2020-03-20
mooglez,"no come√ßo da crise do coronavirus, entrei pro grupo dos desempregados.

bom

se ansiedade n√£o t√° explodindo...",2020-03-20
soiagomsm,"Se ta sendo dificil pras celebridades que moram em casas imensas, tem a comida que quer e toda tecnologia disponivel pra se entrrterem. Imagina eu que to de desempregado, n vejo meus amigos  desde janeiro e nem dinheiro pra um hamburguer eu tenho..",2020-03-20
advinculobruno,RT @drivargas27: quanta gente ficando desempregados por causa do corona ü•∫ orando pra q tudo se normalize logo,2020-03-20
caneta_m,"Se o corona n√£o matar as pessoas, a fome por estarem desempregado ir√°. A economia √© um detalhe que deve ser levado em conta nos planos do governo contra o corona",2020-03-20
caneta_m,"@UOL Se o corona n√£o matar as pessoas, a fome por estarem desempregado ir√°. A economia √© um detalhe que deve ser levado em conta nos planos do governo contra o v√≠rus",2020-03-20
bonvivant_i,"RT @caneta_m: Se o corona n√£o matar as pessoas, a fome por estarem desempregado ir√°. A economia √© um detalhe que deve ser levado em conta n‚Ä¶",2020-03-20
Akytha_beatriz,"Ok corona , agora t√¥ desempregada !!",2020-03-20
79Azarias,"RT @caneta_m: Se o corona n√£o matar as pessoas, a fome por estarem desempregado ir√°. A economia √© um detalhe que deve ser levado em conta n‚Ä¶",2020-03-20
Drielly49585795,"Corona v√≠rus vai deixar mais gente desempregada que morta .

Pa√≠s agora vai quebrar com for√ßa üòî",2020-03-20
clevertonjskk,"RT @biano_catra: E tem gente brincando com essa parada de coronavirus,  varias pessoas ficando desempregada,  gente morrendo,  tudo piorand‚Ä¶",2020-03-20
barony1,"Esse coronavirus vai matar muita gente e deixar muita gente desempregada,tempos sombrios est√£o por vir.",2020-03-20
ROGRIO1011,"RT @biano_catra: E tem gente brincando com essa parada de coronavirus,  varias pessoas ficando desempregada,  gente morrendo,  tudo piorand‚Ä¶",2020-03-20
LuenyOliveira1,"RT @Drielly49585795: Corona v√≠rus vai deixar mais gente desempregada que morta .

Pa√≠s agora vai quebrar com for√ßa üòî",2020-03-20
serg_nunes,Corona v√≠rus tem no Brasil sim mas j√° t√° virando pol√≠tica quero ser os governantes ir√° fazer mobiliza√ß√£o quando o povo ficar desempregados..,2020-03-20
onovatoconserva,"RT @caneta_m: Se o corona n√£o matar as pessoas, a fome por estarem desempregado ir√°. A economia √© um detalhe que deve ser levado em conta n‚Ä¶",2020-03-20
PedroPatetucc,"RT @carolmitrof: ‚ö†Ô∏èAJUDEM DIVULGANDO‚ö†Ô∏è
Minha m√£e ficou desempregada a pouco tempo. Atualmente estamos vivendo da venda de doces e salada de‚Ä¶",2020-03-20
marcelo_thiago1,RT @LANDOALEM: Desempregado... Obrigado Corona v√≠rus üòÅ...,2020-03-20
Kyemin7,"@jorgellini @antoniocostapm Sem-abrigo, desempregados, deixaram de ser gente por causa do Covid-19. E para a semana, nem os animais t√™m direitos. Daqui a um m√™s, cada um por si e falinhas mansas de uni√£o na TV. Bem-vindo a It√°lia... Errr... Portugal, pa√≠s de fachada.",2020-03-20
bianca_sharp01,"RT @carolmitrof: ‚ö†Ô∏èAJUDEM DIVULGANDO‚ö†Ô∏è
Minha m√£e ficou desempregada a pouco tempo. Atualmente estamos vivendo da venda de doces e salada de‚Ä¶",2020-03-20
jorgellini,"RT @Kyemin7: @jorgellini @antoniocostapm Sem-abrigo, desempregados, deixaram de ser gente por causa do Covid-19. E para a semana, nem os an‚Ä¶",2020-03-20
ja0q_,"Desempregada por tempo indeterminado, obrigada coronavirus ‚úåüèªüòó",2020-03-20
faniesouzaa,"voltando p vida de desempregada
muito obg por nada corona virus",2020-03-20
heeycoelho_,"E ai Galera do Twitter, Devido a esse Corona e todas as crises q temos no Brasil, eu estou desempregada e tenho uma filhinha que nao espera a crise passa pra precisar das coisas. Entao gostaria de pedir a ajuda de voces para divulgarem meu trabalho. Agrade√ßo desde ja ‚ù§Ô∏è https://t.co/JWhRPgQkGg",2020-03-20
dari_resende,Posso convencer minha consci√™ncia que t√¥ desempregada e sem receber uma proposta nem de trabalhar como volunt√°ria por causa do corona v√≠rus e n√£o pq sou incompetente. H√° males que vem para o bem n√© kkkk,2020-03-20
estivison_mc,@marceloramosam Concordo. Tem q fzr o mesmos com aqueles q votaram pelo fund√£o e est√£o calados em transferir essa verba p combate ao Coronavirus e desempregado!,2020-03-20
leonardoteleot1,"@lucasaguiartl @BardoOmar Mo√ßo, o corona v√≠rus segunda a OMT vai tirar 25 MILH√ïES de empregos no mundo ! Mas o PT s√≥ no Brasil fez 13 MILH√ïES de DESEMPREGADOS kkkkk ü§£ Hoje ser√≠amos a nova Venezuela ,a√≠ tu estarias comendo lixo como o povo Venezuelano!",2020-03-20
Preto_Carter,Paz pro mais novo desempregado. OBRIGADO CORONA V√çRUS FILHA DA PUTA agr que n√£o fico de quarentena msm Pprt,2020-03-20
Opskatily,Queria fazer algo produtivo tipo trabalhar mas sou desempregada e com o corona por a√≠ n√£o vou atr√°s de um emprego nem fudendo,2020-03-20
gracinhaDDeusAm,"@LulaOficial Olha qm falou 
Nossa Agora sim o coronavirus morre
O cachaceiro q mais roubou o seu pa√≠s 
Deixou milh√µes de pais de fam√≠lia desempregado 
A√≠ vem com esse papo q Bolsonaro tem feito loucura 
Ele tem feito loucura p salvar nosso Brasil da devasta√ß√£o q vc deixou des gra√ßa",2020-03-20
QissoPena,"RT @gab_monteiiro: To tentando ficar plena mas vou ficar desempregada por conta do corona, quero chorar",2020-03-20
dreamxspace,"Voc√™s (quem t√° podendo) reclamando e/ou fazendo meme por causa de quarentena. Meus anjos, estou de "" #quarentena"" h√° uns 3 anos, desde que fiquei desempregada e vivo de ""bicos"",por ser PCD e entre outras coisinhas. Est√£o entediados? #coronavirus #covid19brasil #CoronavirusPlantao",2020-03-20
